customer_id,name,email,country
C0001,Christopher Perez,robertroberts@example.net,United States
C0002,Veronica Wyatt,denise80@example.org,Germany
C0003,Courtney Jones,youngjeremy@example.com,Canada
C0004,Kayla Thomas,loripalmerexample.com,
C0004,Elizabeth Haynes,davissarah@example.com,
C0005,Brittney Higgins,hunteramanda@example.com,Canada
C0005,Bryan Thompson,efuentes@example.org,Canada
C0006,Micheal Greene,yferguson@example.net,Germany
C0007,William Grant,robinle@example.org,
C0008,Charles Ruiz,nortonloretta@example.org,Canada
C0009,Grant Conner,fsantana@example.net,Canada
C0010,Ashley Villarreal,ybell@example.org,Canada
C0011,Jamie Murray,vortiz@example.org,Germany
C0012,Matthew Whitaker,ibecker@example.net,France
C0013,Jennifer Garcia,nhernandez@example.org,Romania
C0014,Joshua Carter,parkchristine@example.com,United States
C0015,Anthony White,isaiahbarrett@example.com,Germany
C0016,David Smith,elizabethsheppard@example.com,
C0017,David Herrera,ghughes@example.com,
C0018,Denise Costa MD,reevesjosephexample.com,United States
C0019,Kimberly Williams,john18@example.net,Canada
C0020,Diane Murray,dixontylerexample.org,France
C0021,Adrian Jones,abbottnicole@example.com,Canada
C0022,Mark Smith,lknight@example.net,France
C0023,Melanie Edwards,smithbrandon@example.org,
C0024,Laura Moran,troyross@example.com,
C0025,Anthony Clark,brittanycole@example.com,Germany
C0026,Ann Jones,shorttina@example.org,Canada
C0027,Mr. Anthony Valdez Jr.,sthomas@example.com,United States
C0028,David Marshall,catherine56@example.net,France
C0029,Andrea Mitchell,callen@example.net,
C0030,Amy Alvarez,gregory73@example.net,Romania
C0031,Robert Nunez,bonnieday@example.org,Canada
C0031,Katherine Castillo,ohines@example.com,Canada
C0032,Pamela Cook,dlong@example.net,Germany
C0033,Tanner Smith,ericparker@example.com,
C0034,Angela Sullivan,idowns@example.net,Romania
C0035,Brittney Harris,ramseywilliam@example.org,Romania
C0036,Carla Frank,debraking@example.org,Romania
C0037,John Cain,apruitt@example.com,United States
C0038,Timothy Jordan,erobbins@example.com,United States
C0039,Jon Jackson,spearsrebecca@example.org,France
C0040,Spencer Potter,fperez@example.net,United States
C0041,Ms. Anna Smith MD,ritagonzalezexample.org,Canada
C0042,Rachel Hayden,cynthiaroman@example.com,Germany
C0043,Christina Gallegos,kimberly46example.net,Romania
C0044,Kristin Newman,cathybrown@example.net,Canada
C0045,Kathleen Martin,tonyachavez@example.com,United States
C0046,William Goodman,luisbrooks@example.net,Germany
C0047,David Dawson,blairdanielle@example.com,United States
C0048,Rachel Jennings,simmonsandrea@example.net,Canada
C0049,Michael Washington,veronica51@example.org,Germany
C0050,Garrett Fry,mercadojeremy@example.org,France
C0051,Krista Carey,dennis27@example.net,Canada
C0052,Natalie Sanchez,ashleyhale@example.org,France
C0053,Mark Carroll,kaitlingreen@example.org,Romania
C0054,John Murray,christina80@example.org,France
C0055,Ashley Davidson,fieldsgreg@example.com,
C0056,Sara Wong,danamcknight@example.com,France
C0057,Courtney Robinson,laurenmcintosh@example.com,
C0058,Steven Hernandez,jjoseph@example.com,
C0059,Robert Berry,carterlisaexample.org,United States
C0060,Michael Black,susan86@example.net,United States
C0061,Hannah Woods,christopher68@example.org,Germany
C0062,Carla Lewis,ccunninghamexample.net,Romania
C0062,Sheila Mitchell,victoria92@example.org,Romania
C0063,Keith Henry,simmonspeter@example.org,
C0064,Carla Berger,kaylagraham@example.net,France
C0065,Darrell Andrade,farmercassandra@example.com,Canada
C0066,Mary Morales,dominiqueortiz@example.org,
C0066,Raymond Contreras,zjohnson@example.net,
C0067,Gregory Romero,ernestjohnson@example.org,United States
C0068,Bryan Martinez,mileselizabeth@example.com,Romania
C0069,Hannah Collier,kathrynsuarez@example.com,Canada
C0070,Jason Hughes,marywhite@example.com,Romania
C0071,Ryan Mcneil,turnerkristen@example.org,Germany
C0072,Todd Howard,kelly56@example.net,Romania
C0073,Oscar Rodriguez,ericyork@example.com,Germany
C0074,Tamara Juarez,edwardgrant@example.com,France
C0075,Jill Freeman,timothyblack@example.org,Germany
C0076,Amy Donaldson,hamiltonlaura@example.com,France
C0077,Shirley Lane,ashlee25@example.com,France
C0078,Jennifer Garza,brooke70@example.org,United States
C0079,Elizabeth Best,chadharrison@example.org,
C0080,Dawn Perry MD,edwardsamanda@example.com,United States
C0081,Madison Rosales,tina83@example.com,Romania
C0082,Brittany Rowe,conleyshane@example.org,Canada
C0083,Jose Nelson,salasbriana@example.com,Romania
C0084,Kylie Bailey,cherylrusso@example.org,France
C0085,Todd Carlson,melanie36@example.com,Canada
C0086,Richard Cruz,mscott@example.net,Germany
C0087,Sandra Martin,keithleonard@example.com,United States
C0088,Luis Velazquez,herrerabenjamin@example.org,
C0089,Rebecca Chase,tdavis@example.com,Canada
C0090,Peter Delgado,jamesjeffrey@example.org,France
C0091,Scott Pineda,ehaney@example.net,Canada
C0092,Adam Webster,kayla75@example.net,United States
C0093,Tracy Simmons,ericpeterson@example.net,France
C0094,James Johnson,wwilliams@example.org,
C0095,Jeffrey Taylor III,fbarnes@example.com,Germany
C0096,Amber Barrett,cmendoza@example.net,Canada
C0097,Lisa Campbell,ryandaniel@example.net,Romania
C0098,Brian Bennett,leestephanie@example.org,Germany
C0099,Amanda Curry,goodmanmolly@example.org,Canada
C0100,Brian Jones,williamscarla@example.net,Germany
C0101,Robin Torres,wcampbell@example.com,Romania
C0102,April Hall,mguzman@example.org,
C0103,Shelley Smith,lukebond@example.com,France
C0104,Cheryl Lawson,thall@example.org,Germany
C0105,Steven Martinez,rmartinez@example.net,Germany
C0106,Christopher Howard,steven82example.net,Canada
C0107,Brandon Davidson,johnny84@example.com,
C0108,Marcus Jones,elizabethwilliams@example.org,France
C0109,Alexander Griffith,lmcpherson@example.org,
C0110,Melissa Oconnell,keith31@example.net,Germany
C0111,Valerie Morris,rubensmith@example.com,
C0112,Bridget Everett,simmonsthomasexample.org,Romania
C0113,Christine Barker,justin01@example.com,France
C0114,Nicole Davis,philipstephens@example.net,Romania
C0115,Andrew Wilson,steelevanessa@example.net,United States
C0116,Megan Rodriguez,bentleyrodney@example.net,United States
C0117,Gregory Farmer,sandrawilson@example.net,Canada
C0118,Nicholas Anderson,dlawrence@example.com,
C0119,Sara Jennings,morrisronald@example.org,Romania
C0120,Emily Hendricks,santanaabigail@example.org,
C0121,Nicholas Martinez,kristin03@example.net,Germany
C0122,Andrea Phillips,huffbarbara@example.org,
C0123,Robert Castillo,charlesrose@example.net,Romania
C0124,Michael Hopkins,smithbelinda@example.org,France
C0125,Shawn Baird,amy98@example.org,France
C0126,Sheila Rodriguez,lesliecoleman@example.com,Romania
C0127,Jo Garrett,briannathompson@example.net,Germany
C0128,Catherine Wilson,onorris@example.org,Canada
C0129,Mary Johnson,williamdaugherty@example.net,United States
C0130,Meagan Johnson,calebnelson@example.com,Canada
C0131,Justin Watson,tramirez@example.net,France
C0132,Dominic Joseph,denise22@example.org,France
C0133,Monica Lyons,kenneth53@example.net,Canada
C0134,Dawn Knox,martinlisa@example.com,Germany
C0135,Cynthia Harvey,zbarber@example.org,France
C0136,Joshua Curtis,fsmith@example.com,United States
C0137,Jason Rojas,whitakermark@example.com,France
C0138,Stacy Robinson,yhernandez@example.net,France
C0139,Joshua Mccullough DDS,ramirezpatricia@example.net,
C0140,Joseph Young,grosslori@example.net,
C0141,Jason Hamilton,jasonyoungexample.org,Romania
C0142,Taylor Zimmerman,burgessalan@example.net,United States
C0143,Keith Miller,khuffman@example.com,Romania
C0144,Stephanie Doyle,kjimenez@example.com,United States
C0145,Heather Jones,kyle20@example.net,Romania
C0146,Theresa Perry,berickson@example.org,Germany
C0147,Nicholas Murphy,daniel90@example.com,United States
C0148,John Miller,stantontara@example.com,United States
C0149,Daniel Perry,adrienne50@example.org,Romania
C0150,Timothy Sanders,michelle64@example.org,Germany
C0151,Monica Matthews,frankwarren@example.com,France
C0152,Stephanie Barnett,osimpson@example.org,United States
C0153,Thomas May,kevin16@example.com,Romania
C0154,Meagan Palmer,rhess@example.net,Germany
C0154,David Beltran,bjackson@example.org,Germany
C0155,Stefanie Ramsey,yparks@example.com,
C0156,Tom Gregory,johnbrock@example.net,Canada
C0157,Michael Porter,daniel12@example.net,France
C0158,Courtney Salinas,aguilarlindsay@example.com,
C0159,Carolyn Ramirez,ithomas@example.net,Romania
C0160,Nicole Greene,qrios@example.org,France
C0161,Christopher Jones,roberto87@example.org,Canada
C0162,Wayne Washington,taylorbenjamin@example.com,Canada
C0163,David Pitts,allentracey@example.net,Canada
C0164,Courtney Sherman,andrew40@example.org,
C0165,Brittany Bell,mariastevens@example.net,France
C0166,Samantha Moses,westrichard@example.net,Romania
C0167,Clinton Baldwin,josereed@example.net,Canada
C0168,John Fowler,ireyes@example.org,United States
C0169,Carla Jones,jimmynelson@example.net,Romania
C0170,Alexis Serrano,dillonhelen@example.net,Romania
C0171,Alison Fitzpatrick,dillon96@example.net,France
C0172,Cheryl Wells DVM,boyerbrendaexample.com,Romania
C0173,Tracey Bradford,barberbrian@example.org,United States
C0174,Isabella Gill,perezsteven@example.com,Romania
C0175,Laura Mendoza,simswayne@example.org,
C0176,Gregory Stanton,brian96@example.net,Romania
C0176,Michael Santos,christopheranderson@example.com,Romania
C0177,Terri Arnold,matthew18@example.net,
C0178,Sally Aguilar,fryhannah@example.com,
C0178,James Harmon,colleen33@example.org,
C0179,Jennifer Poole,oray@example.net,France
C0180,Crystal Nguyen,uvillarreal@example.org,France
C0181,Damon Reid,beckerangela@example.org,Romania
C0182,Carlos Salazar,rogermcclain@example.net,Romania
C0183,Emily Crosby,ljackson@example.com,Canada
C0184,Holly Munoz,trevor19@example.org,Germany
C0185,Amy Diaz,reneefloyd@example.org,
C0186,Ebony Snyder,jacksonstephanieexample.org,United States
C0187,Joshua Green,yoconnor@example.org,Germany
C0188,Michelle Evans,robertsteresa@example.org,Romania
C0189,Sheena Nichols,prodgers@example.com,Romania
C0190,Kyle Medina,lawsonann@example.net,France
C0191,Shelby Gonzalez,knguyen@example.com,Canada
C0192,Jesse Lloyd,david74@example.com,Germany
C0193,Veronica Oneill,washingtonlaura@example.org,United States
C0194,Jessica Spence,edunn@example.com,France
C0194,Adrian Gutierrez,ajimenez@example.org,France
C0195,Steven Rogers,rmccoy@example.net,Germany
C0196,Shawn Burke,brettrichards@example.org,Canada
C0197,Monique Garrison,barneskaitlin@example.com,
C0198,Douglas Park,meganclark@example.com,France
C0199,Wendy Perez,xthomas@example.com,France
C0200,Christian Mathews,mwhite@example.org,Germany
C0201,Benjamin Stanley,lisa33@example.com,France
C0202,Elizabeth Cannon,dmoore@example.com,
C0203,Beverly Banks,shawkathleen@example.net,Romania
C0204,Mason Gregory,carrollelizabeth@example.com,United States
C0205,Mark Chavez,thomas44@example.com,France
C0206,Douglas Meyer,awaters@example.net,Canada
C0207,Margaret Villa,uwells@example.org,Germany
C0208,Jeffrey Rodriguez,jamie51@example.net,United States
C0209,Ariel Perez,hholland@example.com,Germany
C0210,Valerie Carroll,yferguson@example.org,Canada
C0211,Andrew Adams,poncerichard@example.org,Germany
C0212,Nathan Wood,dennisryan@example.net,Canada
C0213,Harold Underwood,juliamullins@example.org,Canada
C0214,Tyler Bartlett,summersgary@example.org,Romania
C0215,Tina Martinez,leblancsarah@example.net,Germany
C0216,Kristen Rodriguez,amcdonald@example.org,United States
C0217,Jessica Kirk,ericortega@example.com,Romania
C0218,Lisa Lee,alexandriasweeney@example.com,Canada
C0219,Lindsay Contreras,riverakristin@example.com,Canada
C0220,Abigail Wilson,eleonard@example.net,United States
C0221,John Martinez,michealalvarado@example.org,Romania
C0222,Brandon Coleman,rick90@example.org,France
C0223,Nicholas Nelson,joseph20@example.net,Romania
C0224,Stephanie Montgomery,marywalker@example.com,Romania
C0225,Marissa Mcintosh,tracy44@example.com,France
C0226,Christopher Green,joel15@example.com,Romania
C0227,Megan Long,melendezjohn@example.com,United States
C0228,Debbie Pena,kathleendean@example.com,
C0229,Erica Lee,luisreynolds@example.com,United States
C0230,Donna Fischer,collinsdonna@example.org,France
C0231,Alyssa Miller,eburton@example.org,
C0232,Carlos Graves,cynthiaclark@example.org,
C0233,Carlos Cooper,susan32@example.org,Germany
C0234,Kim Davis,leslieclark@example.net,Canada
C0235,Erika Key DVM,emily27@example.net,Canada
C0236,Jason Anderson,xgarner@example.org,
C0237,Adam Hayes,ashleydouglas@example.net,Canada
C0238,Gina Moore,ahanna@example.com,Germany
C0239,Glen Holmes,idixon@example.com,Romania
C0240,Victoria Carter,derekcox@example.net,Canada
C0241,Teresa Franco,juliesmith@example.com,
C0241,Ryan Miller,smaldonado@example.org,
C0242,Kelly Barrett,nwade@example.com,Romania
C0243,Rhonda Klein,wigginsmichael@example.org,Romania
C0244,Diane Fry,cpratt@example.com,France
C0245,Nicole Solis,davisemily@example.com,Romania
C0246,Stacy Gordon,georgebailey@example.com,
C0247,Lisa Burton,pkennedy@example.org,United States
C0248,Ann Pham,juliemorrow@example.com,Germany
C0249,James Hall,mooremartin@example.net,France
C0250,Ryan Smith,lespinoza@example.com,Canada
C0251,Devon Holloway,smartinexample.com,Canada
C0252,Brian Williams,smithmichael@example.net,France
C0253,Ryan Baker,sosajennifer@example.org,France
C0254,Shannon Anderson,cnguyen@example.net,Germany
C0255,Erica Brown,anthony29@example.com,Romania
C0256,Jennifer Gonzalez,wbaker@example.com,United States
C0257,Jay Russell,fcook@example.com,Canada
C0258,Susan Sanders,smithjennifer@example.net,Romania
C0259,Michael Moore,kerrsophiaexample.net,
C0260,Kimberly Chen,amy86@example.net,Canada
C0261,Alexander Ray,mark55@example.com,Germany
C0262,Jamie Patterson,njones@example.org,Romania
C0263,Alicia Jones,petersonbrian@example.com,Canada
C0264,Marcus Smith DDS,greenteresa@example.org,United States
C0265,Paul Holland,angela43@example.com,Romania
C0266,Max Cortez,gregorysims@example.com,Germany
C0267,Timothy Salas,qhernandez@example.com,Romania
C0268,Sandra Jimenez,tmullins@example.net,
C0269,Amanda Snow,wharris@example.org,
C0270,Debra Leonard,lestrada@example.org,Romania
C0270,Diane Tucker,tiffany39@example.org,Romania
C0271,Alexandria Jackson,david09@example.com,Canada
C0272,Heather Norris,ronald25@example.net,Romania
C0273,Sierra Montgomery,laura87@example.com,Germany
C0274,Nicholas Powers,halljonathan@example.net,United States
C0275,Christine Johnston,jessicapayne@example.com,France
C0276,Joshua Russell,mcdonaldtracy@example.net,France
C0277,Rebecca Johnston,matthew36@example.org,United States
C0278,Mark Lewis,angela82@example.net,France
C0279,Carolyn Mcdaniel,connor47@example.net,Germany
C0280,Jason Knapp,kimberly49@example.net,United States
C0281,Lauren Reyes,kristy26@example.com,
C0282,Bradley Barnes,morrisgeraldexample.com,France
C0283,Kimberly Thompson,davidhendricks@example.com,United States
C0284,Maria Tran,ogonzalez@example.net,United States
C0285,Scott Calhoun,felliott@example.net,Romania
C0286,Lauren Dawson,mariapatterson@example.org,Germany
C0286,Lisa Turner,mitchelllaurie@example.org,Germany
C0287,James Carroll,shelbykim@example.org,United States
C0288,Amanda Collins,poolemargaret@example.org,Canada
C0289,Olivia Edwards,zgarza@example.org,Romania
C0290,Justin Miller,gutierrezlaurie@example.org,Germany
C0291,Heather Mcconnell,butlerrandall@example.net,Romania
C0292,Kristin Reynolds,tracy02@example.com,
C0293,Brittany Hamilton,brandonsanchez@example.net,United States
C0294,Michael Lee,gary68@example.com,Germany
C0295,Kristin Choi,iwarner@example.com,United States
C0296,David Cisneros,curtishughes@example.net,Germany
C0297,Scott Gay,theodore96@example.org,Germany
C0297,Lindsey Gomez,campbellcathy@example.org,Germany
C0298,Helen Wade,anita01@example.com,Germany
C0299,John Pace,brent87@example.com,France
C0300,Alexandra Clark,urobinson@example.net,
C0300,Donald Kelly,brandon84@example.com,
C0301,Dennis Gonzalez,walterandrew@example.com,Romania
C0302,Steven Pitts,rodgersjames@example.com,United States
C0303,William Peterson,lfowler@example.org,Germany
C0304,Cheryl Olsen,taylorterry@example.com,Canada
C0305,Bradley Braun,alexandra58@example.com,Romania
C0306,Mr. David Smith MD,qbrown@example.net,United States
C0307,Charles Torres,lauren01@example.org,Germany
C0308,Kevin Miller,lindaraymond@example.net,
C0309,Sara Jenkins,lisa12@example.org,
C0310,James Martinez,greggschneider@example.com,Germany
C0311,Thomas Mclaughlin,hannah79@example.org,
C0312,Samuel Mcgee,alyssa26example.com,France
C0313,Frank Evans,smithmonica@example.com,France
C0314,Dale Johnson,raymondrandall@example.net,France
C0315,Ryan Clark,yzimmerman@example.com,France
C0316,Olivia Wilson,lebill@example.com,Canada
C0317,Rachel White,jamessandra@example.com,
C0318,Ashley Ward,bryan82@example.net,United States
C0319,Alicia Freeman,nicholas41@example.com,
C0320,Jackie Shelton,ginasmith@example.com,Canada
C0321,Kristi Adams,jacquelinepenaexample.com,Germany
C0322,Gregg Young,paynestephanie@example.com,Germany
C0323,Lori Cox,jacob19@example.com,France
C0324,Bradley Bowman,samanthalittle@example.net,Canada
C0325,David Thompson,owaters@example.com,
C0326,Daniel Williams,lawsonkristi@example.org,
C0327,Micheal Ramirez,wilcoxkim@example.net,Romania
C0328,Joanne Palmer,hannah86@example.net,France
C0329,Christopher Hines Jr.,castillogina@example.net,Canada
C0330,Nicolas Roberts,zacharyfuller@example.net,Canada
C0331,Christopher Nichols,goldensamantha@example.com,Canada
C0332,Dan Ruiz,msanders@example.net,France
C0332,James Williams,jamesyoung@example.org,France
C0333,Valerie Montoya,brian63@example.net,Romania
C0334,Joseph Cruz,ythompson@example.net,
C0335,Christopher Powell,jlaneexample.org,France
C0336,Michael Warren,ryan31@example.org,United States
C0337,Crystal Wells,pbrooks@example.net,Germany
C0338,Angela Hicks,lromero@example.org,Canada
C0338,Christine Armstrong,keith63@example.com,Canada
C0339,Richard Todd,milesjeffrey@example.org,France
C0340,Gregory Henderson,katie30example.org,Romania
C0341,Justin Gray,taylorjeremy@example.net,France
C0342,Joshua Hernandez,smithmegan@example.com,
C0343,Jessica Jackson,stephanielopez@example.com,France
C0344,Jamie Jacobs,edgar38example.net,Germany
C0345,Kenneth Hodges MD,djones@example.com,Canada
C0346,Emily Lee,wadejohn@example.com,United States
C0347,Scott Murillo,dawn65@example.org,
C0348,Anita Vance,holtamy@example.com,United States
C0349,Samantha Wilson,markdavis@example.net,United States
C0350,Adam King,evansandrea@example.com,Germany
C0351,Eric Mcdonald,wfitzgerald@example.org,Romania
C0352,Peter Barnes,guerrajesse@example.com,
C0353,Kimberly Vargas,jmurphy@example.com,Germany
C0354,Mrs. Jennifer Jenkins,herrerarobert@example.net,Canada
C0355,Rebecca Zimmerman,jenniferweber@example.net,France
C0356,Alicia Holder,swashington@example.org,Germany
C0357,Pam Washington,robertmurray@example.org,
C0358,Ryan Gardner,hjohnson@example.com,Romania
C0359,Jordan Frazier,hsmith@example.com,
C0360,Samuel Sullivan,stuartmelissa@example.org,France
C0361,Mr. Cody Fleming,michaelwashington@example.net,Canada
C0362,Kelly Garcia,gabriela49@example.net,Germany
C0363,Christina Harrison,kristijohnson@example.net,
C0364,Deanna Murphy,farrellshaun@example.net,United States
C0365,Valerie Ochoa,patricia18@example.org,Romania
C0365,Bryan Matthews,gking@example.com,Romania
C0366,Eric Garcia,thomasmichelle@example.org,
C0367,Jordan Murray,megan50@example.net,Canada
C0368,Robert Knox,adamsashley@example.com,Germany
C0369,John Avery,rspencer@example.net,United States
C0370,Cindy Black,deborahadams@example.com,Romania
C0371,William Barry,heathjessica@example.org,Romania
C0372,Amber Lowery,eadams@example.com,United States
C0373,Brian Ibarra,ihendrix@example.org,France
C0374,Deborah Cox,ureid@example.net,United States
C0375,Rick Warren,mitchellkayla@example.org,Germany
C0376,Antonio Figueroa,tjohnson@example.com,Germany
C0377,Jamie Robinson,vickiecole@example.net,United States
C0378,Rachel Davis,udrake@example.org,Romania
C0379,Charles Morrison,jamessmith@example.org,Canada
C0379,Angela Hernandez,moorebrianna@example.org,Canada
C0380,Sandra Fowler,esmith@example.com,Germany
C0381,Gregory Brown,markgallagher@example.net,France
C0382,Cassandra Rhodes,heidigarcia@example.com,United States
C0383,Corey King,luke06@example.org,Germany
C0384,Victoria Wilson MD,juliegordon@example.net,Romania
C0385,Sharon Pacheco,miguelcontreras@example.net,Canada
C0386,Kevin Alvarez,npham@example.com,
C0387,Manuel Johnson,hernandezpaul@example.com,United States
C0388,Heidi Murillo,tracieoconnell@example.net,Romania
C0389,Gabriel Sims,mortonryan@example.com,Germany
C0390,Patrick Combs,westmichael@example.com,Germany
C0391,Danielle Johnson,jameslee@example.net,Germany
C0392,Scott Carlson,jenniferknapp@example.net,
C0393,Carmen Wilson,susanward@example.org,France
C0394,Melinda Richards,kerrmatthew@example.com,Germany
C0395,Lori Davis,bradleyleach@example.com,Canada
C0396,Stephanie Ruiz,robertsdaniel@example.net,Romania
C0397,William Walton,stewartkelsey@example.net,Romania
C0398,Monica Huerta,cindyestrada@example.com,Canada
C0399,Raymond Davis,william88@example.org,
C0400,John Washington,svillanueva@example.net,Germany
C0401,Gregory Foster,oroth@example.net,France
C0402,Nathaniel Wright,thompsonbarbara@example.net,Romania
C0402,Michael Hancock,samantha16@example.net,Romania
C0403,Nancy Andrews,ashley78@example.net,Canada
C0404,Jordan Roach,xevans@example.net,Canada
C0405,Phyllis Ramirez,elizabethtanner@example.org,United States
C0406,Daniel Reyes,chavezsandraexample.com,Germany
C0407,Nichole Padilla,larry62@example.org,Canada
C0408,Marvin Page,uwood@example.org,Romania
C0409,Travis Wright,shanebarnes@example.net,Romania
C0410,Shannon Sanford,newtonjessica@example.com,Germany
C0411,Anna Mora,qmurphyexample.org,Romania
C0412,Ruth Gutierrez,dustinroberts@example.org,France
C0413,Jake Davis,aphelps@example.net,Germany
C0414,Kim White,vsims@example.com,Germany
C0415,Jorge Lambert,david67@example.com,Germany
C0416,Jennifer King,yfernandez@example.net,
C0417,Ernest Lyons,jenniferramirez@example.org,
C0418,Louis Harris,rogersanthonyexample.org,Romania
C0419,Karen Ross,mhartman@example.org,
C0420,Autumn Moreno,xballard@example.net,Germany
C0421,Christian Davidson,bcherry@example.com,United States
C0422,Allen Saunders,lewisjacqueline@example.org,Canada
C0423,Kimberly Hayes,dennis98@example.org,United States
C0424,John Ross,alicia27example.com,Romania
C0425,Taylor Jordan,riosmark@example.org,United States
C0426,Miranda Hughes,mirandamills@example.net,United States
C0427,Terry Burnett,cbush@example.org,Canada
C0428,Julie Adams,jose56@example.net,Canada
C0429,Katie Smith,kennedymatthew@example.com,United States
C0430,Johnny Smith,lopezmackenzie@example.net,Romania
C0431,Carolyn Gonzalez,mgray@example.com,Canada
C0432,Alexandria Jordan,dmurray@example.org,Canada
C0433,Brooke Calderon,robertmercado@example.com,Romania
C0434,Valerie Wells,krista90@example.net,
C0435,Laura Palmer,ysanchez@example.org,Germany
C0435,Janet Lee,anthonyhorton@example.org,Germany
C0436,Andrew Jones,twebb@example.org,Canada
C0437,Joshua Smith,cobrien@example.net,Canada
C0438,Carlos Johnson,ymorton@example.net,France
C0439,Sarah Anderson,fbaker@example.net,
C0440,Michael Brown,lclark@example.com,Romania
C0441,Emily Mahoney,brianlutz@example.net,Romania
C0442,Crystal Chen,ttaylor@example.com,Germany
C0443,Jared Flowers,xfletcher@example.org,Romania
C0444,Yvonne Johnson,lucaskim@example.com,Germany
C0445,Christopher Hall,chad80example.net,Romania
C0445,Emily Thomas,carolcooper@example.com,Romania
C0446,Diana Robinson,jenningskelsey@example.org,Romania
C0447,Dr. Kathryn Rivera,brownchristina@example.org,
C0448,Arthur Williams,waynecolon@example.net,Germany
C0449,Thomas Garcia,erika65@example.org,Romania
C0450,Gabrielle Hicks,zford@example.org,Germany
C0451,Julie Clark,michealknox@example.org,France
C0452,Luis Ortiz,brett75@example.org,Romania
C0453,Tracey Mckinney,gdixon@example.com,Romania
C0454,Benjamin Fowler,conleybrett@example.org,Canada
C0455,Anthony Harrison,olivermelissa@example.com,
C0456,Dr. Shawn Short,erinwalsh@example.net,France
C0457,Sheila Aguirre,roy80@example.org,Canada
C0458,Ashley Adams,ronald97@example.com,
C0459,Jennifer Lee,josephgonzalez@example.net,Canada
C0460,Heidi Thomas,qwhitaker@example.org,United States
C0461,James Boyle,mollycarter@example.net,France
C0462,Dr. Casey Vazquez,tmendez@example.net,United States
C0463,Lacey Collins,veronicaprice@example.net,Romania
C0464,Shannon Clark,jamie68@example.com,
C0465,Brian Mccall,barbara69@example.com,Romania
C0465,April Benton,gina63@example.com,Romania
C0466,Amy Davis,arthur02@example.net,Germany
C0467,Richard Powell,hernandezjennifer@example.net,France
C0468,Michael Golden,lewisderek@example.net,Germany
C0469,Rebecca Ware,maria19@example.net,Germany
C0470,Lisa Miranda,ocruz@example.net,France
C0471,Corey Reeves,zwilliams@example.com,
C0472,Melissa White,dwilson@example.com,Canada
C0473,Victoria Bauer,josephharris@example.com,United States
C0474,Brian Clark,elizabeth98@example.net,Romania
C0474,Jennifer Martinez,nkennedy@example.org,Romania
C0475,Caitlin Krause,qmiller@example.com,
C0476,Brent Dickerson,orocha@example.com,
C0477,Karen Baker,lcarlson@example.org,
C0478,Cory Parker,christopher81@example.org,Canada
C0479,Gregory Mcdonald,anitarodriguez@example.com,Canada
C0480,Keith Barr,ygriffin@example.org,France
C0481,Christina Browning,melissa46@example.net,United States
C0482,Paige Cohen,htorres@example.com,
C0483,Kimberly White,woodardvictoria@example.com,
C0484,Jeremy Rangel,jacksonanthony@example.com,France
C0485,Justin Lozano,jeffrey15@example.net,
C0486,Lisa Long,douglaswatkins@example.org,
C0487,Diane Kelly,dawn71@example.org,Canada
C0488,Desiree Wilson,cainchristopher@example.org,Canada
C0489,Jacob Hart,linda81@example.net,
C0490,Kelly Scott,tammy40@example.com,United States
C0491,Abigail Ryan,susan75@example.net,Germany
C0492,Randall Hartman,lelliott@example.com,Romania
C0493,Michael Hopkins,kathy76@example.org,Canada
C0494,Holly York,holdengregoryexample.com,
C0495,Raymond Mccarthy,larry67@example.com,United States
C0496,Benjamin Zuniga,bgilbert@example.net,Romania
C0497,Daniel Lewis,wfreeman@example.net,France
C0498,Tami Hall,andrewking@example.net,Romania
C0499,Whitney Rogers,natasharodriguez@example.net,Romania
C0500,Samantha Hayes,jasonsoto@example.com,United States
C0501,Heather Hicks,larryedwards@example.net,France
C0502,Andrea Quinn,mannchristine@example.org,Romania
C0503,Robert Jones,jeffrey88@example.org,France
C0504,Anthony Casey,allison67@example.com,
C0505,Angela Fernandez,hughesjames@example.com,Romania
C0506,Sonya White,lisa48@example.com,
C0507,Kevin Orr,jeffreymayo@example.org,France
C0508,Christopher Phelps,williamhowell@example.com,France
C0509,Marcus Johnson,perryzacharyexample.com,Romania
C0510,Kathryn Phillips,lawrencesingleton@example.net,United States
C0511,Samantha Russo,eburke@example.com,United States
C0512,Frank Erickson,carlos45@example.com,United States
C0512,William Taylor,hmartin@example.com,United States
C0513,Christopher Walker,lauranavarro@example.com,
C0514,David Horne,fwalters@example.net,France
C0515,Nancy Ramsey,keithbarry@example.org,Romania
C0516,Mr. Kevin Mccoy,thomasbailey@example.net,France
C0517,Sabrina Morris,jennifer70@example.org,France
C0518,Breanna Fisher,danielrodriguez@example.net,Germany
C0519,Kenneth Hickman,bonillascott@example.com,Canada
C0520,Ashley Bell,jonathanparker@example.net,
C0521,Jennifer Garza,kthompson@example.net,United States
C0522,Eric Oneal,markholloway@example.org,
C0523,Christopher Tapia,cheryl87@example.org,Romania
C0524,Kevin Campos,ucabrera@example.org,Romania
C0524,Kimberly Davis,sarah78@example.com,Romania
C0525,Dawn Smith,hudsonlauren@example.org,France
C0526,William Taylor,richardwilson@example.org,Canada
C0527,Roger Wilson,jonathan57@example.net,Germany
C0528,Tiffany Murphy,roger98@example.org,Canada
C0529,Kara Richardson,watkinsroger@example.org,
C0530,Linda Gonzalez,anita33@example.org,United States
C0531,Marisa Duncan,michaelbryant@example.org,
C0532,Devin Hopkins,donaldmccarthyexample.org,
C0533,Vickie Boyd,kennethdawson@example.org,France
C0534,Michael Kidd,curtissteven@example.com,France
C0535,Brandon Davis,tyler55@example.net,Romania
C0536,James Anderson,moorethomasexample.net,Canada
C0537,Sharon Ball,reneerobinson@example.org,
C0538,Margaret Ayers,wpowell@example.com,Germany
C0539,Ann Nguyen,spruitt@example.org,
C0540,Teresa Ellis,michaelwalker@example.net,United States
C0541,Douglas Parker,wgarza@example.net,France
C0542,Hannah Richards,freemanhannah@example.org,Canada
C0543,Patricia Howard,lholt@example.com,Germany
C0544,Keith Stark,kellerjason@example.org,
C0545,Michael Coleman,wallacebarbara@example.com,Canada
C0546,Jonathan Reynolds,luis71@example.com,France
C0547,Larry Walker,robinsonkelly@example.net,Romania
C0548,Benjamin Knight,walter66@example.com,Canada
C0548,Amanda Bell,roblesdavid@example.org,Canada
C0549,Natalie Ayala,sbaker@example.com,Germany
C0550,Marvin Reed,ghenry@example.net,Romania
C0551,Jessica Gross,vdixon@example.org,France
C0552,Robert Rosales,tamara72@example.org,Germany
C0553,Laura Bradford,jcline@example.net,
C0554,Jose Hull,stokesandrew@example.org,
C0555,Michael Shaw,murphyjames@example.org,France
C0556,Bill Potter,kpope@example.com,France
C0557,Maria Gomez,james17@example.com,Romania
C0558,Jeffrey Bowers,tracy06@example.org,Canada
C0559,Theresa Adams,molinajoshua@example.org,France
C0560,Valerie Hughes,christineshepard@example.com,United States
C0561,Jason Morris,cwagner@example.com,France
C0562,Brian Kane,catherineserrano@example.net,Romania
C0563,Christina Wilkinson,jordan01@example.com,Romania
C0564,Barbara Conner,qmiles@example.org,United States
C0565,Jessica Warren,oliverphillip@example.com,Canada
C0566,Cynthia Parker,xcummingsexample.org,Canada
C0567,Hector Johnson,sullivancaleb@example.net,France
C0568,Ashley Mitchell,wadejessica@example.com,Canada
C0568,Renee Noble,brianjohnson@example.org,Canada
C0569,Nicole Reid,villaemily@example.net,
C0570,Jason Morgan,hshaw@example.com,Canada
C0571,Dwayne Johnston,cainamy@example.com,France
C0572,Adrian Chung,tammysilva@example.com,France
C0573,Kelly Melton,grayrichard@example.net,France
C0574,Suzanne Richardson,micheleporter@example.com,
C0575,Jennifer Bennett,sbutler@example.com,Germany
C0576,James Gallagher,ibernard@example.com,France
C0577,Alexandria Salazar,pcook@example.org,Romania
C0578,Leah Norris,pdavis@example.com,Romania
C0579,Jacob Page,michael35@example.com,
C0580,Nicholas Hardy,alexanderrogers@example.net,Romania
C0581,Troy Ray,bmorales@example.org,Germany
C0582,Emily Young,jtaylor@example.com,
C0583,Amy Moore,lawsonandre@example.org,France
C0584,Karen Clark,jean77@example.com,Germany
C0585,Leslie Butler,bryanwhite@example.net,United States
C0586,Ashley Weaver,andrewmiller@example.com,Germany
C0587,Richard Chapman,emilypham@example.com,Canada
C0588,Kristen Holmes,yhumphrey@example.org,
C0589,Emily Hutchinson,zlawson@example.net,France
C0590,Tara Jenkins,tyoung@example.net,Romania
C0591,Mark Williams,flemingcarolyn@example.org,Canada
C0592,David Edwards,tinaknight@example.org,United States
C0593,Erin Caldwell,heathandrea@example.net,Canada
C0594,Nicolas Turner,oboone@example.org,France
C0595,Richard Mcfarland,edwardsmichael@example.net,France
C0596,Suzanne Gonzalez,zwhitneyexample.org,Canada
C0597,Douglas Parks,mcdonaldjessica@example.net,Canada
C0598,Tyler Webster,david90@example.com,Romania
C0599,Heather Taylor,toddcamachoexample.net,Canada
C0600,April Reyes,johnlane@example.com,Germany
